institution,period,euro,doi,is_hybrid,publisher
slu,2014,2394.06,10.1016/j.funeco.2014.12.003,TRUE,Elsevier
slu,2014,803.51,10.1016/j.foodpol.2014.10.012,TRUE,Elsevier
slu,2014,2191.38,10.1016/j.jip.2014.11.003,TRUE,Elsevier
slu,2014,1314.83,10.1016/j.vaccine.2014.09.066,TRUE,Elsevier
slu,2014,1314.83,10.1016/j.ufug.2014.09.007,TRUE,Elsevier
slu,2014,1826.15,10.1016/j.chemosphere.2014.07.009,TRUE,Elsevier
slu,2014,2191.38,10.1016/j.ymben.2014.07.001,TRUE,Elsevier
slu,2014,1851.17,10.1016/j.scitotenv.2014.05.123,TRUE,Elsevier
slu,2014,1851.18,10.1016/j.theriogenology.2014.02.014,TRUE,Elsevier
slu,2014,2428.97,10.1016/j.foreco.2014.01.020,TRUE,Elsevier
slu,2014,1840.13,10.1016/j.forpol.2013.12.007,TRUE,Elsevier
slu,2014,2412.58,10.1111/ejss.12228,TRUE,Wiley
slu,2014,1254.54,10.1002/fsn3.192,FALSE,Wiley
slu,2014,1224,10.1002/ece3.1345,FALSE,Wiley
slu,2014,2387.39,10.1111/evj.12385,TRUE,Wiley
slu,2014,1480,10.1111/eva.12229,FALSE,Wiley
slu,2014,2378.34,10.1111/jzs.12063,TRUE,Wiley
slu,2014,2284.58,10.1111/ppa.12306,TRUE,Wiley
slu,2014,1905.58,10.1111/1462-2920.12596,TRUE,Wiley
slu,2014,2191.77,10.1002/sia.5661,TRUE,Wiley
slu,2014,2191.77,10.1111/rda.12393,TRUE,Wiley
slu,2014,1224,10.1002/ece3.1145,FALSE,Wiley
slu,2014,1630.04,10.1111/1365-2664.12289,TRUE,Wiley
slu,2014,2538.74,10.1002/2013WR015197,TRUE,Wiley
slu,2014,1224,10.1002/ece3.1084,FALSE,Wiley
slu,2014,2187.66,10.1111/tbed.12234,TRUE,Wiley
slu,2014,2538.74,10.1002/2013GB004770,TRUE,Wiley
slu,2014,1637.47,10.1111/1365-2664.12219,TRUE,Wiley
slu,2014,2183.29,10.1111/conl.12087,FALSE,Wiley
slu,2014,2183.29,10.1111/gcb.12527,TRUE,Wiley
slu,2014,2400,10.1038/hdy.2014.125,TRUE,Nature Publishing Group
slu,2014,1085.66,10.1371/journal.pone.0117318,FALSE,Public Library of Science (PLoS)
slu,2014,1790.54,10.1371/journal.pgen.1004842,FALSE,Public Library of Science (PLoS)
slu,2014,1074.33,10.1371/journal.pone.0114118,FALSE,Public Library of Science (PLoS)
slu,2014,1074.33,10.1371/journal.pone.0111663,FALSE,Public Library of Science (PLoS)
slu,2014,1008.83,10.1371/journal.pone.0111786,FALSE,Public Library of Science (PLoS)
slu,2014,1070.25,10.1371/journal.pone.0111455,FALSE,Public Library of Science (PLoS)
slu,2014,1070.25,10.1371/journal.pone.0111509,FALSE,Public Library of Science (PLoS)
slu,2014,986.3,10.1371/journal.pone.0104651,FALSE,Public Library of Science (PLoS)
slu,2014,991.66,10.1371/journal.pone.0101049,FALSE,Public Library of Science (PLoS)
slu,2014,978.03,10.1371/journal.pone.0099998,FALSE,Public Library of Science (PLoS)
slu,2014,253.87,10.1371/journal.pone.0096086,FALSE,Public Library of Science (PLoS)
slu,2014,984.45,10.1371/journal.pone.0094750,FALSE,Public Library of Science (PLoS)
slu,2014,984.45,10.1371/journal.pone.0095078,FALSE,Public Library of Science (PLoS)
slu,2014,995.9,10.1371/journal.pone.0092278,FALSE,Public Library of Science (PLoS)
slu,2014,984.45,10.1371/journal.pone.0093957,FALSE,Public Library of Science (PLoS)
slu,2014,995.9,10.1371/journal.pone.0092897,FALSE,Public Library of Science (PLoS)
slu,2014,995.9,10.1371/journal.pone.0092453,FALSE,Public Library of Science (PLoS)
slu,2014,995.9,10.1371/journal.pone.0091881,FALSE,Public Library of Science (PLoS)
slu,2014,995.9,10.1371/journal.pone.0092107,FALSE,Public Library of Science (PLoS)
slu,2014,982.48,10.1371/journal.pone.0089643,FALSE,Public Library of Science (PLoS)
slu,2014,982.48,10.1371/journal.pone.0088758,FALSE,Public Library of Science (PLoS)
slu,2014,982.48,10.1371/journal.pone.0089311,FALSE,Public Library of Science (PLoS)
slu,2014,982.48,10.1371/journal.pone.0088187,FALSE,Public Library of Science (PLoS)
slu,2014,598.41,10.3390/f6010047,FALSE,MDPI
slu,2014,597.14,10.3390/f5122967,FALSE,MDPI
slu,2014,223.93,10.3390/plants3040513,FALSE,MDPI
slu,2014,223.94,10.3390/agronomy4040470,FALSE,MDPI
slu,2014,1492.12,10.3390/molecules190914195,FALSE,MDPI
slu,2014,591.69,10.3390/f5092106,FALSE,MDPI
slu,2014,657.44,10.3390/f5082037,FALSE,MDPI
slu,2014,592.89,10.3390/f5081931,FALSE,MDPI
slu,2014,592.89,10.3390/d6030500,FALSE,MDPI
slu,2014,1179.33,10.3390/ijerph110707094,FALSE,MDPI
slu,2014,1179.33,10.3390/ijerph110606586,FALSE,MDPI
slu,2014,983.49,10.3390/rs6054323,FALSE,MDPI
slu,2014,1314.84,10.3390/ijerph110403870,FALSE,MDPI
slu,2014,410.89,10.3390/f5030535,FALSE,MDPI
slu,2014,410.89,10.3390/f5040557,FALSE,MDPI
slu,2014,739.6,10.3390/rs6032084,FALSE,MDPI
slu,2014,1280,10.3389/fphys.2014.00504,FALSE,Frontiers
slu,2014,1600,10.3389/fevo.2014.00065,FALSE,Frontiers
slu,2014,960,10.3389/fpls.2014.00373,FALSE,Frontiers
slu,2014,575,10.3389/fpls.2014.00286,FALSE,Frontiers
slu,2014,960,10.3389/fpls.2014.00077,FALSE,Frontiers
slu,2014,1496.92,10.1186/s12866-014-0308-1,FALSE,BioMed Central
slu,2014,1412.91,10.1186/s12870-014-0254-y,FALSE,BioMed Central
slu,2014,1497.23,10.1186/s12870-014-0329-9,FALSE,BioMed Central
slu,2014,1766.98,10.1186/s12870-014-0220-8,FALSE,BioMed Central
slu,2014,1511.57,10.1186/s12870-014-0298-z,FALSE,BioMed Central
slu,2014,1854.9,10.1186/s13028-014-0061-3,FALSE,BioMed Central
slu,2014,1901.53,10.1186/1756-3305-7-410,FALSE,BioMed Central
slu,2014,1475.92,10.1186/1756-3305-7-13,FALSE,BioMed Central
slu,2014,1385.87,10.1186/1471-2164-15-315,FALSE,BioMed Central
slu,2014,1385.87,10.1186/1471-2180-14-90,FALSE,BioMed Central
slu,2014,1432.48,10.1186/1471-2229-14-31,FALSE,BioMed Central
slu,2014,1311.38,10.5194/hess-18-5255-2014,FALSE,Copernicus Publications
slu,2014,783,10.5194/hess-18-3623-2014,FALSE,Copernicus Publications
slu,2014,696,10.5194/hessd-11-3787-2014,FALSE,Copernicus Publications
slu,2014,1843.22,10.â€‹1105/â€‹tpc.â€‹114.â€‹130120,TRUE,American Society of Plant Biologists
slu,2014,2322.65,10.3168/jds.2014-7929,TRUE,Elsevier
slu,2014,730.59,10.1021/ic4023486,TRUE,American Chemical Society (ACS)
slu,2014,2436.88,10.1089/fpd.2014.1863,TRUE,Mary Ann Liebert
slu,2014,2730,10.1093/icesjms/fsu230,TRUE,Oxford University Press (OUP)
slu,2014,789.65,10.5751/ES-06750-190315,FALSE,Resilience Alliance
slu,2014,2200,10.1007/s00425-014-2184-1,TRUE,Springer
slu,2014,2200,10.1007/s10661-014-4054-5,TRUE,Springer
slu,2014,2200,10.1007/s13592-014-0320-3,TRUE,Springer
slu,2014,2200,10.1007/s00442-014-3080-x,TRUE,Springer
slu,2014,2200,10.1007/s10340-014-0616-0,TRUE,Springer
slu,2014,2200,10.1007/s10681-014-1215-0,TRUE,Springer
slu,2014,2200,10.1007/s13593-014-0235-4,TRUE,Springer
slu,2014,2200,10.1007/s00294-014-0436-z,TRUE,Springer
slu,2014,2200,10.1007/s10806-014-9512-0,TRUE,Springer
slu,2014,2200,10.1007/s10818-014-9183-yc,TRUE,Springer
slu,2014,2200,10.1007/s11104-014-2091-z,TRUE,Springer
slu,2014,2200,10.1007/s00300-014-1499-5,TRUE,Springer
slu,2014,2200,10.1007/s00382-014-2124-6,TRUE,Springer
slu,2014,2200,10.1007/s11829-014-9303-6,TRUE,Springer
slu,2014,2200,10.1007/s11250-013-0534-9,TRUE,Springer
slu,2014,1409,10.1186/1471-2164-14-893,FALSE,BioMed Central
slu,2014,1436,10.1186/1751-0147-56-7,FALSE,BioMed Central
slu,2014,1415,10.1186/1751-0147-55-83,FALSE,BioMed Central
slu,2014,1190,10.1186/1756-3305-6-251,FALSE,BioMed Central
slu,2014,1361,10.1186/1751-0147-55-33,FALSE,BioMed Central
slu,2014,1351,10.1186/1751-0147-55-50m,FALSE,BioMed Central
slu,2014,729.39,10.1186/1756-0500-6-464,FALSE,BioMed Central
slu,2014,1341,10.1186/1751-0147-55-20,FALSE,BioMed Central
slu,2014,1511,10.1186/s13028-014-0082-y,FALSE,BioMed Central
slu,2014,1814,10.1186/s13028-014-0091-x,FALSE,BioMed Central
slu,2014,646,10.15226/2374-815X/1/4/00121,FALSE,Symbiosis
slu,2014,1796,10.1186/s12917-014-0228-1,FALSE,BioMed Central
slu,2014,1433,10.1186/s12917-014-0273-9,FALSE,BioMed Central
slu,2014,1608,10.1186/s13028-014-0069-8,FALSE,BioMed Central
slu,2014,1544,10.1186/s13028-014-0070-2,FALSE,BioMed Central
slu,2014,852,10.5751/ES-06665-190407,FALSE,Resilience Alliance
slu,2014,1571,10.1186/s13028-014-0073-z,FALSE,BioMed Central
slu,2014,1321,10.1186/s13028-014-0074-y,FALSE,BioMed Central
slu,2014,1321,10.1186/s13028-014-0055-1,FALSE,BioMed Central
slu,2014,1320,10.1186/s12917-014-0208-5,FALSE,BioMed Central
slu,2014,1334,10.1186/1746-6148-10-110,FALSE,BioMed Central
slu,2014,1334,10.1186/1751-0147-56-34,FALSE,BioMed Central
slu,2014,1478,10.1186/1751-0147-56-37,FALSE,BioMed Central
slu,2014,991,10.1371/journal.pone.0100392,FALSE,Public Library of Science (PLoS)
slu,2014,1466,10.1186/s13028-014-0041-7,FALSE,Public Library of Science (PLoS)
slu,2014,2173,10.1111/rda.12346,TRUE,Wiley
slu,2014,1210,10.1186/2046-0481-67-12,FALSE,BioMed Central
slu,2014,1201,10.1186/1751-0147-56-20,FALSE,BioMed Central
slu,2014,1350,10.1186/1751-0147-56-23,FALSE,BioMed Central
slu,2014,1633,10.1186/1471-2229-14-104,FALSE,BioMed Central
slu,2014,1452,10.1186/1751-0147-56-25,FALSE,BioMed Central
slu,2014,2618,10.1007/s12571-014-0331-y,TRUE,Springer
slu,2014,1326,10.4172/2157-7579.1000163,FALSE,OMICS Publishing Group
slu,2014,1105,10.4172/2155-9546.1000208,FALSE,OMICS Publishing Group
slu,2014,2171,10.1017/S0950268814002891,TRUE,Cambridge University Press (CUP)
slu,2014,23383,10.1080/21513732.2014.968805,TRUE,Taylor & Francis
slu,2014,2137,10.1080/1081602X.2014.927783,TRUE,Taylor & Francis
slu,2015,669.4,10.1016/j.gecco.2015.10.009,FALSE,Elsevier
slu,2015,2945.38,10.1016/j.agee.2015.12.021,TRUE,Elsevier
slu,2015,981.79,10.1016/j.foodpol.2015.11.002,TRUE,Elsevier
slu,2015,2231.35,10.1016/j.fcr.2015.11.006,TRUE,Elsevier
slu,2015,981.79,10.1016/j.foodpol.2015.10.008,TRUE,Elsevier
slu,2015,2677.62,10.1016/j.vetimm.2015.10.002,TRUE,Elsevier
slu,2015,2690,10.1016/j.tplants.2015.08.007,TRUE,Elsevier
slu,2015,2689,10.1016/j.watres.2015.08.024,TRUE,Elsevier
slu,2015,2241,10.1016/j.plantsci.2015.08.021,TRUE,Elsevier
slu,2015,1569.08,10.1016/j.ijpddr.2015.07.003,FALSE,Elsevier
slu,2015,2241.55,10.1016/j.jveb.2015.05.004,TRUE,Elsevier
slu,2015,2303.34,10.1016/j.jchromb.2015.07.009,TRUE,Elsevier
slu,2015,1328.85,10.1016/j.ufug.2015.06.002,TRUE,Elsevier
slu,2015,2214.75,10.1016/j.ecocom.2015.04.001,TRUE,Elsevier
slu,2015,2214.75,10.1016/j.marpolbul.2015.04.033,TRUE,Elsevier
slu,2015,2214.75,10.1016/j.marpolbul.2015.02.010,TRUE,Elsevier
slu,2015,2214.75,10.1016/j.wasman.2015.02.009,TRUE,Elsevier
slu,2015,1995.05,10.1016/j.anireprosci.2014.12.011,TRUE,Elsevier
slu,2015,3134.5,10.1002/2015JG003190,TRUE,Wiley
slu,2015,2833.55,10.1111/jvs.12387,TRUE,Wiley
slu,2015,889,10.1111/jvim.13829,FALSE,Wiley
slu,2015,1224,10.1002/ece3.1866,FALSE,Wiley
slu,2015,1224,10.1002/ece3.1923,FALSE,Wiley
slu,2015,1200,10.1002/iid3.95,FALSE,Wiley
slu,2015,2686.72,10.1111/ppl.12397,TRUE,Wiley
slu,2015,2622.5,10.1111/1751-7915.12330,FALSE,Wiley
slu,2015,2654.21,10.1111/wre.12183,TRUE,Wiley
slu,2015,2654.21,10.1111/age.12334,TRUE,Wiley
slu,2015,2744.2,10.1111/efp.12236,TRUE,Wiley
slu,2015,1375,10.1111/conl.12200,FALSE,Wiley
slu,2015,2747.67,10.1111/een.12247,TRUE,Wiley
slu,2015,2747.67,10.1111/nph.13536,TRUE,Wiley
slu,2015,2747.67,10.1111/anti.12170,TRUE,Wiley
slu,2015,1530,10.1002/ece3.1527,FALSE,Wiley
slu,2015,2692.78,10.1111/1744-7917.12233,TRUE,Wiley
slu,2015,2790.85,10.1111/imb.12176,TRUE,Wiley
slu,2015,1860.56,10.1111/jav.00623,TRUE,Wiley
slu,2015,2675.75,10.1111/evj.12446,TRUE,Wiley
slu,2015,1375,10.1111/conl.12171,FALSE,Wiley
slu,2015,1130,10.14814/phy2.12355,FALSE,Wiley
slu,2015,3283.78,10.1111/gcb.12872,TRUE,Wiley
slu,2015,2315.41,10.1080/02827581.2015.1028435,TRUE,Taylor & Francis
slu,2015,1253.08,10.1371/journal.pone.0142257,FALSE,Public Library of Science (PLoS)
slu,2015,1234.89,10.1371/journal.pone.0137871,FALSE,Public Library of Science (PLoS)
slu,2015,1236.45,10.1371/journal.pone.0131182,FALSE,Public Library of Science (PLoS)
slu,2015,1234.89,10.1371/journal.pone.0136928,FALSE,Public Library of Science (PLoS)
slu,2015,2019.58,10.1371/journal.pgen.1005295,FALSE,Public Library of Science (PLoS)
slu,2015,1211.75,10.1371/journal.pone.0129815,FALSE,Public Library of Science (PLoS)
slu,2015,1211.75,10.1371/journal.pone.0129614,FALSE,Public Library of Science (PLoS)
slu,2015,1255.88,10.1371/journal.pone.0125139,FALSE,Public Library of Science (PLoS)
slu,2015,1255.88,10.1371/journal.pone.0126021,FALSE,Public Library of Science (PLoS)
slu,2015,1204.09,10.1371/journal.pone.0123173,FALSE,Public Library of Science (PLoS)
slu,2015,1204.09,10.1371/journal.pone.0122492,FALSE,Public Library of Science (PLoS)
slu,2015,1204.09,10.1371/journal.pone.0122875,FALSE,Public Library of Science (PLoS)
slu,2015,1190.01,10.1371/journal.pone.0122241,FALSE,Public Library of Science (PLoS)
slu,2015,1190.01,10.1371/journal.pone.0119957,FALSE,Public Library of Science (PLoS)
slu,2015,1190.01,10.1371/journal.pone.0121237,FALSE,Public Library of Science (PLoS)
slu,2015,1190.01,10.1371/journal.pone.0118896,FALSE,Public Library of Science (PLoS)
slu,2015,1190.01,10.1371/journal.pone.0120570,FALSE,Public Library of Science (PLoS)
slu,2015,1108.28,10.1371/journal.pone.0118455,FALSE,Public Library of Science (PLoS)
slu,2015,1204.09,10.1371/journal.pone.0122194,FALSE,Public Library of Science (PLoS)
slu,2015,2045.78,10.1371/journal.pgen.1005648,FALSE,Public Library of Science (PLoS)
slu,2015,1345.94,10.3389/fevo.2015.00151,FALSE,Frontiers
slu,2015,1794.58,10.3389/fpls.2015.01186,FALSE,Frontiers
slu,2015,768,10.3389/fevo.2015.00131,FALSE,Frontiers
slu,2015,784.56,10.3389/fpls.2015.00970,FALSE,Frontiers
slu,2015,1703.62,10.3389/fevo.2015.00121,FALSE,Frontiers
slu,2015,1260.75,10.3389/fmicb.2015.01033,FALSE,Frontiers
slu,2015,1303.49,10.3389/fpls.2015.00718,FALSE,Frontiers
slu,2015,1282.61,10.3389/fpls.2015.00634,FALSE,Frontiers
slu,2015,612.5,10.3389/fgene.2015.00044,FALSE,Frontiers
slu,2015,1279.07,10.3389/fpls.2015.00368,FALSE,Frontiers
slu,2015,770,10.3389/fevo.2015.00056,FALSE,Frontiers
slu,2015,1325.65,10.3389/fmicb.2015.00387,FALSE,Frontiers
slu,2015,814,10.3389/fpls.2015.00279,FALSE,Frontiers
slu,2015,1325.65,10.3389/fpls.2015.00270,FALSE,Frontiers
slu,2015,575,10.3389/fpls.2015.00130,FALSE,Frontiers
slu,2015,960,10.3389/fgene.2015.00049,FALSE,Frontiers
slu,2015,826.95,10.3390/f6124384,FALSE,MDPI
slu,2015,1467.37,10.3390/ijerph121114068,FALSE,MDPI
slu,2015,917.11,10.3390/f6114001,FALSE,MDPI
slu,2015,922.32,10.3390/f6103594,FALSE,MDPI
slu,2015,946.74,10.3390/f6092982,FALSE,MDPI
slu,2015,946.74,10.3390/f6082785,FALSE,MDPI
slu,2015,1437.29,10.3390/ijerph120707974,FALSE,MDPI
slu,2015,1160.76,10.3390/su7078598,FALSE,MDPI
slu,2015,1207.33,10.3390/v7072789,FALSE,MDPI
slu,2015,1392.91,10.3390/ijerph120707274,FALSE,MDPI
slu,2015,1160.76,10.3390/su7067512,FALSE,MDPI
slu,2015,862.04,10.3390/f6041145,FALSE,MDPI
slu,2015,1379.26,10.3390/ijms16048997,FALSE,MDPI
slu,2015,1034.45,10.3390/rs70404233,FALSE,MDPI
slu,2015,1523.02,10.3390/molecules20045729,FALSE,MDPI
slu,2015,1197.39,10.3390/ijerph120201928,FALSE,MDPI
slu,2015,428.93,10.3390/insects6010183,FALSE,MDPI
slu,2015,748.37,10.3390/su7021142,FALSE,MDPI
slu,2015,2331.26,10.1186/s40793-015-0092-z,FALSE,BioMed Central
slu,2015,1615.5,10.1186/s12870-015-0676-1,FALSE,BioMed Central
slu,2015,2048.46,10.1186/s13059-015-0785-z,FALSE,BioMed Central
slu,2015,1653.61,10.1186/s12870-015-0630-2,FALSE,BioMed Central
slu,2015,1858.23,10.1186/s12866-015-0537-y,FALSE,BioMed Central
slu,2015,2130.83,10.1186/s13068-015-0328-6,FALSE,BioMed Central
slu,2015,1995.02,10.1186/s12915-015-0188-3,FALSE,BioMed Central
slu,2015,1728.84,10.1186/s12862-015-0461-7,FALSE,BioMed Central
slu,2015,2255.33,10.1186/s13028-015-0135-x,FALSE,BioMed Central
slu,2015,1727.38,10.1186/s13028-015-0107-1,FALSE,BioMed Central
slu,2015,1716.95,10.1186/s12859-015-0657-2,FALSE,BioMed Central
slu,2015,1808.39,10.1186/s13002-015-0036-0,FALSE,BioMed Central
slu,2015,1674.63,10.1186/s12864-015-1538-9,FALSE,BioMed Central
slu,2015,2369.93,10.1186/s12885-015-1073-8,FALSE,BioMed Central
slu,2015,750,10.5194/bg-13-1119-2016,FALSE,Copernicus Publications
slu,2015,870,10.5194/bg-13-1-2016,FALSE,Copernicus Publications
slu,2015,1380,10.5194/bgd-12-15763-2015,FALSE,Copernicus Publications
slu,2015,1110,10.5194/bg-13-399-2016,FALSE,Copernicus Publications
slu,2015,870,10.5194/bg-12-3241-2015,FALSE,Copernicus Publications
slu,2015,1322.24,10.1073/pnas.1423440112,TRUE,National Academy of Sciences
slu,2015,265.42,10.5539/jas.v7n11p28,FALSE,Canadian Center of Science and Education
slu,2015,3305.81,10.3168/jds.2015-9755,TRUE,American Dairy Science Association
slu,2015,1655.9,10.3168/jds.2014-9118,TRUE,American Dairy Science Association
slu,2015,2064.46,10.1105/tpc.114.134494,TRUE,American Society of Plant Biologists
slu,2015,2064.46,10.1105/tpc.114.132043,TRUE,American Society of Plant Biologists
slu,2015,1800,10.3920/CEP150005,TRUE,Wageningen Academic Publishers
slu,2015,1800,10.3920/CEP140024,TRUE,Wageningen Academic Publishers
slu,2015,2200,10.007/s10750-015-2605-6,TRUE,Springer
slu,2015,2200,10.1007/s10818-015-9209-0,TRUE,Springer
slu,2015,2200,10.007/s13280-015-0706-0,TRUE,Springer
slu,2015,2200,10.007/s00267-015-0613-y,TRUE,Springer
slu,2015,2200,10.007/s11250-015-0911-7,TRUE,Springer
slu,2015,2200,10.1007/s10530-015-0915-2,TRUE,Springer
slu,2015,2200,10.007/s10980-015-0246-9,TRUE,Springer
slu,2015,2200,10.1007/s13165-014-0094-y,TRUE,Springer
slu,2015,2200,10.1007/s11306-015-0814-7,TRUE,Springer
slu,2015,2200,10.1007/s10705-015-9712-7,TRUE,Springer
slu,2015,2200,10.1007/s13165-015-0125-3,TRUE,Springer
slu,2015,2200,10.007/s11104-015-2456-y,TRUE,Springer
slu,2015,2200,10.007/s00442-015-3345-z,TRUE,Springer
slu,2015,2200,10.1007/s00442-015-3326-2,TRUE,Springer
slu,2015,2200,10.1007/s10980-015-0210-8,TRUE,Springer
slu,2015,2200,10.007/s10661-015-4385-x,TRUE,Springer
slu,2015,1712.11,10.1186/s13028-015-0103-5,FALSE,BioMed Central
slu,2015,1646.26,10.1186/s12917-015-0447-0,FALSE,BioMed Central
slu,2015,1646.26,0.1186/s12864-015-1829-1,FALSE,BioMed Central
slu,2015,1559.93,10.1186/s40462-015-0036-7,FALSE,BioMed Central
slu,2015,1408.28,10.1186/s13071-015-0635-6,FALSE,BioMed Central
slu,2015,1362.44,10.1186/1756-3305-7-419,FALSE,BioMed Central
slu,2015,1534.33,10.1186/s13028-014-0079-6,FALSE,BioMed Central
slu,2015,889,10.1111/jvim.13815,FALSE,Wiley
slu,2015,566,10.1155/2015/610391,FALSE,Hindawi Publishing Corporation
slu,2015,2200,10.1007/s10344-015-0968-7,TRUE,Springer
slu,2015,2125,10.1371/journal.pgen.1005541,FALSE,Public Library of Science (PLoS)
slu,2015,803,10.1186/s40064-015-1285-z,FALSE,BioMed Central
slu,2015,1591,10.1186/s12917-015-0487-5,FALSE,BioMed Central
slu,2015,1222,10.1111/jvim.13584,FALSE,Wiley
slu,2015,1656,10.1186/s12870-015-0579-1,FALSE,BioMed Central
slu,2015,1730,10.1186/s40066-015-0029-1,FALSE,BioMed Central
slu,2015,2726,10.1136/vr.102960,TRUE,BMJ
slu,2015,1680,10.1186/s13028-015-0122-2,FALSE,BioMed Central
slu,2015,1764,10.1186/s13028-015-0124-0,FALSE,BioMed Central
slu,2015,1552,10.1186/s12889-015-1811-5,FALSE,BioMed Central
slu,2015,1423,10.1186/s12917-015-0389-6,FALSE,BioMed Central
slu,2015,1978,10.1186/s13028-015-0101-7,FALSE,BioMed Central
slu,2015,1714,10.1186/s12917-015-0352-6,FALSE,BioMed Central
slu,2015,2112,10.1186/s12917-015-0328-6,FALSE,BioMed Central
slu,2015,2668,10.2527/jas.2014-8598,TRUE,American Society of Animal Science (ASAS)
slu,2015,1231,10.1021/acs.est.5b03146,TRUE,American Chemical Society (ACS)
slu,2015,2647,10.1080/02827581.2015.1046482,TRUE,Taylor & Francis
slu,2015,3365,10.1242/jeb.116798,TRUE,Company of Biologists
slu,2015,2337,10.1017/S1751731115000750,TRUE,Cambridge University Press (CUP)
slu,2016,1495.39,10.1186/s12936-016-1656-0,FALSE,BioMed Central
slu,2016,1576.36,10.1186/s13028-016-0266-8,FALSE,BioMed Central
slu,2016,1435.1,10.1186/s12864-016-2458-z,FALSE,BioMed Central
slu,2016,1881.94,10.1186/s13750-016-0080-9,FALSE,BioMed Central
slu,2016,1435.69,10.1186/s12870-016-0952-8,FALSE,BioMed Central
slu,2016,1646.46,10.1186/s12870-016-0939-5,FALSE,BioMed Central
slu,2016,2000.46,10.1186/s13068-016-0640-9,FALSE,BioMed Central
slu,2016,1408.19,10.1186/s40793-016-0199-x,FALSE,BioMed Central
slu,2016,1408.19,10.1186/s41065-016-0014-0,FALSE,BioMed Central
slu,2016,1802.53,10.1186/s12863-015-0304-y,FALSE,BioMed Central
slu,2016,1623.98,10.1186/s40575-015-0029-2,FALSE,BioMed Central
slu,2016,1439.65,10.1186/s41065-016-0011-3,FALSE,BioMed Central
slu,2016,900.17,10.1186/s40064-016-2831-z,FALSE,Springer
slu,2016,1653.86,10.1186/s13068-016-0543-9,FALSE,BioMed Central
slu,2016,2087.34,10.1186/s13071-016-1503-8,FALSE,BioMed Central
slu,2016,1428.09,10.1186/s13742-016-0132-7,FALSE,BioMed Central
slu,2016,1555.74,10.1186/s12936-016-1386-3,FALSE,BioMed Central
slu,2016,1686.22,10.1186/s13028-016-0213-8,FALSE,BioMed Central
slu,2016,1560.61,10.1186/s12868-016-0258-7,FALSE,BioMed Central
slu,2016,1594.89,10.1186/s12936-016-1308-4,FALSE,BioMed Central
slu,2016,1559.03,10.1186/s12864-016-2561-1,FALSE,BioMed Central
slu,2016,1816.38,10.1186/s13068-016-0454-9,FALSE,BioMed Central
slu,2016,1530.61,10.1186/s12889-015-2574-8,FALSE,BioMed Central
slu,2016,1530.61,10.1186/s12870-016-0706-7,FALSE,BioMed Central
slu,2016,1350,10.5194/hess-20-2811-2016,FALSE,Copernicus Publications
slu,2016,2976.47,10.1016/j.biombioe.2016.12.002,TRUE,Elsevier
slu,2016,2705.88,10.1016/j.wasman.2016.12.016,TRUE,Elsevier
slu,2016,901.96,10.1016/j.aqrep.2016.12.003,FALSE,Elsevier
slu,2016,2705.88,10.1016/j.ecss.2016.10.027,TRUE,Elsevier
slu,2016,1352.94,10.1016/j.ufug.2016.12.006,TRUE,Elsevier
slu,2016,3156.86,10.1016/j.watres.2015.06.051,TRUE,Elsevier
slu,2016,1623.53,10.1016/j.landusepol.2016.09.016,TRUE,Elsevier
slu,2016,1623.53,10.1016/j.ppees.2016.09.005,TRUE,Elsevier
slu,2016,1352.94,10.1016/j.ufug.2016.08.012,TRUE,Elsevier
slu,2016,1500,10.1016/j.gecco.2016.09.005,FALSE,Elsevier
slu,2016,2705.88,10.1016/j.funeco.2016.07.003,TRUE,Elsevier
slu,2016,2705.88,10.1016/j.soilbio.2016.08.006,TRUE,Elsevier
slu,2016,2705.88,10.1016/j.scitotenv.2016.08.036,TRUE,Elsevier
slu,2016,1082.35,10.1016/j.atmosenv.2016.08.033,TRUE,Elsevier
slu,2016,3247.06,10.1016/j.foreco.2016.06.028,TRUE,Elsevier
slu,2016,2480.39,10.1016/j.geoderma.2016.06.026,TRUE,Elsevier
slu,2016,2976.47,10.1016/j.apenergy.2016.06.061,TRUE,Elsevier
slu,2016,3247.06,10.1016/j.cej.2016.06.107,TRUE,Elsevier
slu,2016,2480.39,10.1016/j.geoderma.2016.06.024,TRUE,Elsevier
slu,2016,2705.88,10.1016/j.forpol.2016.06.008,TRUE,Elsevier
slu,2016,446.27,10.1016/j.dib.2016.04.029,FALSE,Elsevier
slu,2016,2454.49,10.1016/j.biocon.2016.05.007,TRUE,Elsevier
slu,2016,1338.81,10.1016/j.jfe.2016.04.002,TRUE,Elsevier
slu,2016,2677.62,10.1016/j.apsoil.2016.05.011,TRUE,Elsevier
slu,2016,2454.49,10.1016/j.scitotenv.2016.04.147,TRUE,Elsevier
slu,2016,2677.62,10.1016/j.cropro.2016.04.003,TRUE,Elsevier
slu,2016,1338.81,10.1016/j.ufug.2016.04.012,TRUE,Elsevier
slu,2016,1606.57,10.1016/j.landusepol.2016.05.001,TRUE,Elsevier
slu,2016,2677.62,10.1016/j.foodqual.2016.04.009,TRUE,Elsevier
slu,2016,2454.49,10.1016/j.scitotenv.2016.03.230,TRUE,Elsevier
slu,2016,1561.95,10.1016/j.ijppaw.2016.03.001,FALSE,Elsevier
slu,2016,1606.57,10.1016/j.molbiopara.2016.02.004,TRUE,Elsevier
slu,2016,2454.49,10.1016/j.marpolbul.2016.01.050,TRUE,Elsevier
slu,2016,1338.81,10.1016/j.ufug.2015.04.003,TRUE,Elsevier
slu,2016,446.27,10.1016/j.dib.2015.12.048,FALSE,Elsevier
slu,2016,2347.59,10.3389/fpls.2016.02032,FALSE,Frontiers
slu,2016,424.26,10.3389/fpls.2016.01999,FALSE,Frontiers
slu,2016,1729.2,10.3389/fbioe.2016.00089,FALSE,Frontiers
slu,2016,2235.94,10.3389/fimmu.2016.00368,FALSE,Frontiers
slu,2016,1701.32,10.3389/fvets.2016.00057,FALSE,Frontiers
slu,2016,1450.57,10.3389/fpubh.2016.00137,FALSE,Frontiers
slu,2016,1279.91,10.3389/fimmu.2016.00247,FALSE,Frontiers
slu,2016,1858.85,10.3389/fpls.2016.00654,FALSE,Frontiers
slu,2016,1416.62,10.3389/fpubh.2016.00098,FALSE,Frontiers
slu,2016,1748.84,10.3389/fgene.2016.00057,FALSE,Frontiers
slu,2016,1748.84,10.3389/fvets.2016.00031,FALSE,Frontiers
slu,2016,566.99,10.3389/fevo.2016.00024,FALSE,Frontiers
slu,2016,914.33,10.3389/fpls.2016.00119,FALSE,Frontiers
slu,2016,232.02,10.3390/foods5040089,FALSE,MDPI
slu,2016,1658.17,10.3390/s16111950,FALSE,MDPI
slu,2016,787.56,10.3390/f7100233,FALSE,MDPI
slu,2016,1456.76,10.3390/ijms17101673,FALSE,MDPI
slu,2016,910.48,10.3390/f7090206,FALSE,MDPI
slu,2016,910.48,10.3390/f7090207,FALSE,MDPI
slu,2016,1478.67,10.3390/rs8090724,FALSE,MDPI
slu,2016,1478.67,10.3390/rs8090736,FALSE,MDPI
slu,2016,1062.79,10.3390/su8090865,FALSE,MDPI
slu,2016,914.54,10.3390/f7050100,FALSE,MDPI
slu,2016,1656.24,10.3390/molecules21040372,FALSE,MDPI
slu,2016,902.15,10.3390/f7030061,FALSE,MDPI
slu,2016,811.94,10.3390/f7010008,FALSE,MDPI
slu,2016,1165,10.1038/srep37930,FALSE,Nature Publishing Group
slu,2016,1165,10.1038/srep39208,FALSE,Nature Publishing Group
slu,2016,932,10.1038/srep35958,FALSE,Nature Publishing Group
slu,2016,1165,10.1038/srep31314,FALSE,Nature Publishing Group
slu,2016,1165,10.1038/srep23198,FALSE,Nature Publishing Group
slu,2016,1165,10.1038/srep28498,FALSE,Nature Publishing Group
slu,2016,1165,10.1038/srep23518,FALSE,Nature Publishing Group
slu,2016,1165,10.1038/srep22806,FALSE,Nature Publishing Group
slu,2016,1165,10.1038/srep21930,FALSE,Nature Publishing Group
slu,2016,1165,10.1038/srep21895,FALSE,Nature Publishing Group
slu,2016,1409.5,10.1371/journal.pone.0168776,FALSE,Public Library of Science (PLoS)
slu,2016,1409.5,10.1371/journal.pone.0167964,FALSE,Public Library of Science (PLoS)
slu,2016,1360.61,10.1371/journal.pone.0166863,FALSE,Public Library of Science (PLoS)
slu,2016,1360.61,10.1371/journal.pone.0166520,FALSE,Public Library of Science (PLoS)
slu,2016,1228.64,10.1371/journal.pone.0166510,FALSE,Public Library of Science (PLoS)
slu,2016,1337.72,10.1371/journal.pone.0165742,FALSE,Public Library of Science (PLoS)
slu,2016,2020.43,10.1371/journal.pntd.0005043,FALSE,Public Library of Science (PLoS)
slu,2016,1342.46,10.1371/journal.pone.0162751,FALSE,Public Library of Science (PLoS)
slu,2016,1338.67,10.1371/journal.pone.0162086,FALSE,Public Library of Science (PLoS)
slu,2016,1347.89,10.1371/journal.pone.0160334,FALSE,Public Library of Science (PLoS)
slu,2016,1342.79,10.1371/journal.pone.0157977,FALSE,Public Library of Science (PLoS)
slu,2016,1342.79,10.1371/journal.pone.0157972,FALSE,Public Library of Science (PLoS)
slu,2016,1311.36,10.1371/journal.pone.0157136,FALSE,Public Library of Science (PLoS)
slu,2016,1311.36,10.1371/journal.pone.0155541,FALSE,Public Library of Science (PLoS)
slu,2016,1313.01,10.1371/journal.pone.0155137,FALSE,Public Library of Science (PLoS)
slu,2016,1378,10.1371/journal.pone.0149594,FALSE,Public Library of Science (PLoS)
slu,2016,1976.1,10.1371/journal.pgen.1005924,FALSE,Public Library of Science (PLoS)
slu,2016,1313.01,10.1371/journal.pone.0152966,FALSE,Public Library of Science (PLoS)
slu,2016,1376.06,10.1371/journal.pone.0150870,FALSE,Public Library of Science (PLoS)
slu,2016,1376.06,10.1371/journal.pone.0151969,FALSE,Public Library of Science (PLoS)
slu,2016,1376.06,10.1371/journal.pone.0151481,FALSE,Public Library of Science (PLoS)
slu,2016,1237.47,10.1371/journal.pone.0148960,FALSE,Public Library of Science (PLoS)
slu,2016,1234.34,10.1371/journal.pone.0147791,FALSE,Public Library of Science (PLoS)
slu,2016,914.33,10.1371/journal.pone.0147796,FALSE,Public Library of Science (PLoS)
slu,2016,1234.34,10.1371/journal.pone.0147004,FALSE,Public Library of Science (PLoS)
slu,2016,886.23,10.1186/s40064-016-3288-9,FALSE,Springer
slu,2016,1224,10.1002/ece3.2601,FALSE,Wiley
slu,2016,1912,10.1002/ece3.2594,FALSE,Wiley
slu,2016,1912,10.1002/ece3.2598,FALSE,Wiley
slu,2016,1224,10.1002/ece3.2597,FALSE,Wiley
slu,2016,1203,10.1002/ecs2.1583,FALSE,Wiley
slu,2016,1503.75,10.1002/ecs2.1541,FALSE,Wiley
slu,2016,1823,10.1111/gcbb.12399,FALSE,Wiley
slu,2016,3581.73,10.1111/mec.13797,TRUE,Wiley
slu,2016,2704.79,10.1111/eff.12290,TRUE,Wiley
slu,2016,2704.79,10.1111/1365-2664.12719,TRUE,Wiley
slu,2016,1224,10.1002/ece3.2279,FALSE,Wiley
slu,2016,1823,10.1111/gcbb.12373,FALSE,Wiley
slu,2016,2631.49,10.1111/1365-2664.12709,TRUE,Wiley
slu,2016,2634.8,10.1111/1365-2664.12654,TRUE,Wiley
slu,2016,1377,10.1002/ece3.2076,FALSE,Wiley
slu,2016,1203,10.1002/ecs2.1257,FALSE,Wiley
slu,2016,2765.22,10.1890/14-2413,FALSE,Wiley
slu,2016,2765.22,10.1111/apm.12531,TRUE,Wiley
slu,2016,1224,10.1002/ece3.2032,FALSE,Wiley
slu,2016,1530,10.1002/ece3.2003,FALSE,Wiley
slu,2016,1222,10.1111/jvim.13830,FALSE,Wiley
slu,2016,123.57,10.5897/JEN2016.0159,FALSE,Academic Journals
slu,2016,1315.75,10.1155/2016/3841803,FALSE,Hindawi Publishing Corporation
slu,2016,2200,10.1007/s13277-016-5024-z,TRUE,Springer
slu,2016,2200,10.1007/s11295-016-0974-2,TRUE,Springer
slu,2016,2200,10.1007/s13592-015-0412-8,TRUE,Springer
slu,2016,1299.8,10.1186/s13071-016-1897-3,FALSE,BioMed Central
slu,2016,1514.11,10.1186/s13028-016-0257-9,FALSE,BioMed Central
slu,2016,827.25,10.1186/s13104-016-2193-1,FALSE,BioMed Central
slu,2016,1935.14,10.1093/nar/gkx087,FALSE,Oxford University Press (OUP)
slu,2016,1639.86,10.1186/s13028-016-0265-9,FALSE,BioMed Central
slu,2016,1496.36,10.1186/s12917-016-0743-3,FALSE,BioMed Central
slu,2016,1178.36,10.1186/s12711-016-0219-8,FALSE,BioMed Central
slu,2016,1512.87,10.1186/1297-9686-44-31,FALSE,BioMed Central
slu,2016,1639.86,10.1186/s13028-016-0217-4,FALSE,BioMed Central
slu,2016,1639.86,10.1186/s13028-016-0263-y,FALSE,BioMed Central
slu,2016,1350.21,10.1186/s12917-016-0924-0,FALSE,BioMed Central
slu,2016,1661,10.1186/s13028-015-0178-z,FALSE,BioMed Central
slu,2016,1164.5,10.1186/s12863-015-0261-5,FALSE,BioMed Central
slu,2016,1262.25,10.1186/s13028-016-0191-x,FALSE,BioMed Central
slu,2016,1311,10.1371/journal.pone.0156151,FALSE,Public Library of Science (PLoS)
slu,2016,1376,10.1371/journal.pone.0151904,FALSE,Public Library of Science (PLoS)
slu,2016,1104,10.3390/su8040340,FALSE,MDPI
slu,2016,1366,10.1371/journal.pone.0148896,FALSE,Public Library of Science (PLoS)
slu,2016,2488,10.1071/RD15315,TRUE,CSIRO Publishing
slu,2016,2210,10.1111/pbi.12550,TRUE,Wiley
slu,2016,1737,10.3389/fevo.2015.00155,FALSE,Frontiers
slu,2016,2200,10.1007/s11250-015-0992-3,TRUE,Springer
slu,2016,1484,10.3390/ijerph13121229,FALSE,MDPI
slu,2016,2254,10.1016/j.anireprosci.2016.12.002,TRUE,Elsevier
slu,2016,1487,10.1186/s13028-016-0261-0,FALSE,BioMed Central
slu,2016,1588,10.1186/s12917-016-0868-4,FALSE,BioMed Central
slu,2016,1781,10.1186/s13028-016-0236-1,FALSE,BioMed Central
slu,2016,1338,10.1371/journal.pone.0161346,FALSE,BioMed Central
slu,2016,1617,10.1136/vetreco-2016-000173,FALSE,BMJ
slu,2016,1578,10.1016/j.ijpddr.2016.06.004,FALSE,Elsevier
slu,2016,1512,10.1186/s12865-016-0155-y,FALSE,BioMed Central
slu,2016,662.73,10.4172/Antimicro.1000107,FALSE,OMICS Publishing Group
slu,2016,2132,10.1017/S0024282916000359,TRUE,Cambridge University Press (CUP)
slu,2014,1843.22,10.1105/tpc.114.130120,TRUE,American Society of Plant Biologists (ASPB)
slu,2017,2691,10.1016/j.tvjl.2017.02.004,TRUE,Elsevier
slu,2017,2870,10.1016/j.marpolbul.2017.02.014,TRUE,Elsevier
slu,2017,2242.65,10.1016/j.cropro.2017.03.001,TRUE,Elsevier
slu,2017,2556.62,10.1016/j.applthermaleng.2017.02.010,TRUE,Elsevier
slu,2017,3229.41,10.1016/j.foreco.2017.02.011,TRUE,Elsevier
slu,2017,2242.65,10.1016/j.apsoil.2017.02.010,TRUE,Elsevier
slu,2017,2870.59,10.1016/j.scitotenv.2017.02.038,TRUE,Elsevier
slu,2017,1973.53,10.1016/j.healthplace.2016.12.002,TRUE,Elsevier
slu,2017,2691,10.1016/j.peptides.2017.10.016,TRUE,Elsevier
slu,2017,2870,10.1016/j.scitotenv.2017.10.056,TRUE,Elsevier
slu,2017,2466,10.1016/j.biosystemseng.2017.10.016,TRUE,Elsevier
slu,2017,2870,10.1016/j.ecolind.2017.11.007,TRUE,Elsevier
slu,2017,448,10.1016/j.dib.2017.09.043,FALSE,Elsevier
slu,2017,2691,10.1016/j.geoderma.2017.10.049,TRUE,Elsevier
slu,2017,3229,10.1016/j.envexpbot.2017.10.015,TRUE,Elsevier
slu,2017,2870,10.1016/j.chemosphere.2017.09.088,TRUE,Elsevier
slu,2017,1648,10.1016/j.ijppaw.2017.09.003,FALSE,Elsevier
slu,2017,2960,1016/j.biortech.2017.08.213,TRUE,Elsevier
slu,2017,2698,10.1016/j.biocontrol.2017.09.006,TRUE,Elsevier
slu,2017,3139,10.1016/j.gloenvcha.2017.09.001,TRUE,Elsevier
slu,2017,2870,10.1016/j.scitotenv.2017.09.067,TRUE,Elsevier
slu,2017,2691,10.1016/j.geoderma.2017.09.004,TRUE,Elsevier
slu,2017,2691,10.1016/j.tvjl.2017.09.001,TRUE,Elsevier
slu,2017,3229,10.1016/j.agee.2017.06.042,TRUE,Elsevier
slu,2017,1345,10.1016/j.ufug.2017.07.006,TRUE,Elsevier
slu,2017,2870,10.1016/j.soilbio.2017.07.021,TRUE,Elsevier
slu,2017,2691,10.1016/j.livsci.2017.05.026,TRUE,Elsevier
slu,2017,3552,10.1016/j.eja.2017.07.003,TRUE,Elsevier
slu,2017,3229,10.1016/j.agsy.2017.06.004,TRUE,Elsevier
slu,2017,3139,10.1016/j.ecolecon.2017.07.008,TRUE,Elsevier
slu,2017,3229,10.1016/j.tplants.2017.06.010,TRUE,Elsevier
slu,2017,3229,10.1016/j.foreco.2017.04.045,TRUE,Elsevier
slu,2017,1614,10.1016/j.geoforum.2017.05.011,TRUE,Elsevier
slu,2017,448,10.1016/j.gdata.2017.05.010,FALSE,Elsevier
slu,2017,1419.1,10.1371/journal.pone.0174634,FALSE,PLoS
slu,2017,1399,10.1371/journal.pone.0176253,FALSE,PLoS
slu,2017,1419.1,10.1371/journal.pone.0175211,FALSE,PLoS
slu,2017,2135.77,10.1371/journal.pntd.0005367,FALSE,PLoS
slu,2017,2139.51,10.1371/journal.pgen.1006562,FALSE,PLoS
slu,2017,1267.13,10.1371/journal.pone.0185182,FALSE,PLoS
slu,2017,1267.13,10.1371/journal.pone.0188243,FALSE,PLoS
slu,2017,1330.55,10.1371/journal.pone.0187924,FALSE,PLoS
slu,2017,1257.47,10.1371/journal.pone.0185599,FALSE,PLoS
slu,2017,1257.47,10.1371/journal.pone.0181785,FALSE,PLoS
slu,2017,1257.47,10.1371/journal.pone.0182247,FALSE,PLoS
slu,2017,1330.55,10.1371/journal.pone.0180910,FALSE,PLoS
slu,2017,1330.55,10.1371/journal.pone.0180086,FALSE,PLoS
slu,2017,1373.37,10.1371/journal.pone.0177351,FALSE,PLoS
slu,2017,1655.15,10.1186/s40694-017-0032-3,FALSE,BioMed Central
slu,2017,836.03,10.1186/s13021-017-0076-y,FALSE,Springer
slu,2017,1415.62,10.1186/s12864-017-3634-5,FALSE,BioMed Central
slu,2017,1565.82,10.1186/s12983-017-0195-z,FALSE,BioMed Central
slu,2017,1478.71,10.1186/s12936-017-1717-z,FALSE,BioMed Central
slu,2017,1863.69,10.1186/s13028-017-0320-1,FALSE,BioMed Central
slu,2017,1987.73,10.1186/s12915-017-0427-x,FALSE,BioMed Central
slu,2017,1754.2,10.1186/s13068-017-0907-9,FALSE,BioMed Central
slu,2017,1625.23,10.1186/s12870-017-1059-6,FALSE,BioMed Central
slu,2017,1441.69,10.1186/s12864-017-3779-2,FALSE,BioMed Central
slu,2017,1121.99,10.1186/s11671-017-2404-2,FALSE,Springer
slu,2017,1305,10.1038/s41598-017-02323-w,FALSE,Nature
slu,2017,1305,10.1038/srep45518,FALSE,Nature
slu,2017,1165,10.1038/srep41829,FALSE,Nature
slu,2017,1305,10.1038/srep43740,FALSE,Nature
slu,2017,1305,10.1038/srep43268,FALSE,Nature
slu,2017,1165,10.1038/srep41801,FALSE,Nature
slu,2017,1305,10.1038/s41598-017-15801-y,FALSE,Nature
slu,2017,1305,10.1038/s41598-017-16452-9,FALSE,Nature
slu,2017,1305,10.1038/s41598-017-15792-w,FALSE,Nature
slu,2017,3700,10.1038/s41467-017-01230-y,FALSE,Nature
slu,2017,1305,10.1038/s41598-017-08927-6,FALSE,Nature
slu,2017,1305,10.1038/s41598-017-06377-8,FALSE,Nature
slu,2017,1305,10.1038/s41598-017-04523-w,FALSE,Nature
slu,2017,2323.75,10.1111/gcbb.12445,FALSE,Wiley
slu,2017,2500,10.1002/eap.1541,TRUE,Wiley
slu,2017,3938,10.1111/mec.14132,TRUE,Wiley
slu,2017,3125,10.1111/mpp.12552,TRUE,Wiley
slu,2017,3083,10.1111/jbg.12260,TRUE,Wiley
slu,2017,2500,10.1111/wre.12246,TRUE,Wiley
slu,2017,3000,10.1002/2016JG003535,FALSE,Wiley
slu,2017,1530,10.1002/ece3.2941,FALSE,Wiley
slu,2017,1224,10.1002/ece3.2924,FALSE,Wiley
slu,2017,2500,10.1111/vde.12441,TRUE,Wiley
slu,2017,2500,10.1002/ecy.1686,TRUE,Wiley
slu,2017,2500,10.1111/nph.14458,TRUE,Wiley
slu,2017,1530,10.1002/ece3.2791,FALSE,Wiley
slu,2017,3500,10.1002/hyp.11385,TRUE,Wiley
slu,2017,2098,10.1111/1751-7915.13035,FALSE,Wiley
slu,2017,3583,10.1111/ele.12880,TRUE,Wiley
slu,2017,4922.5,10.1111/gcb.13859,TRUE,Wiley
slu,2017,1530,10.1002/ece3.3603,FALSE,Wiley
slu,2017,2500,10.1111/afe.12267,TRUE,Wiley
slu,2017,1616,10.1002/rse2.67,FALSE,Wiley
slu,2017,2500,10.1111/nph.14714,TRUE,Wiley
slu,2017,2803,10.1111/nrm.12137,TRUE,Wiley
slu,2017,229,10.1111/jvim.14799,FALSE,Wiley
slu,2017,1859,10.1111/gcbb.12470,FALSE,Wiley
slu,2017,1859,10.1111/gcbb.12467,FALSE,Wiley
slu,2017,3500,10.1002/hyp.11269,TRUE,Wiley
slu,2017,1859,10.1111/gcbb.12415,FALSE,Wiley
slu,2017,1377,10.1002/ece3.3100,FALSE,Wiley
slu,2017,1224,10.1002/ece3.3074,FALSE,Wiley
slu,2017,1203,wiley ecosphere jacobson size-dependent prey availability affects diet,FALSE,Wiley
slu,2017,2500,10.1111/2041-210X.12946,TRUE,Wiley
slu,2017,1002,10.1002/ecs2.2058,FALSE,Wiley
slu,2017,2363.58,10.3389/fpls.2017.00305,FALSE,Frontiers
slu,2017,2009.04,10.3389/fmicb.2017.00226,FALSE,Frontiers
slu,2017,2363.58,10.3389/fpls.2017.00231,FALSE,Frontiers
slu,2017,1961.37,10.3389/fpls.2017.00049,FALSE,Frontiers
slu,2017,266.25,10.3389/fpls.2017.01923,FALSE,Frontiers
slu,2017,2086.32,10.3389/fpsyg.2017.02059,FALSE,Frontiers
slu,2017,2086.32,10.3389/fpls.2017.01954,FALSE,Frontiers
slu,2017,2086.32,10.3389/fpls.2017.01850,FALSE,Frontiers
slu,2017,2110.47,10.3389/fpls.2017.01735,FALSE,Frontiers
slu,2017,1368.84,10.3389/fvets.2017.00163,FALSE,Frontiers
slu,2017,822.19,10.3389/fphys.2017.00685,FALSE,Frontiers
slu,2017,869.98,10.3389/fevo.2017.00049,FALSE,Frontiers
slu,2017,1353.18,10.3389/fvets.2017.00239,FALSE,Frontiers
slu,2017,1309.52,10.3390/su9040610,FALSE,MDPI
slu,2017,1227.55,10.3390/f8030080,FALSE,MDPI
slu,2017,1503.35,10.3390/rs9030247,FALSE,MDPI
slu,2017,931.46,10.3390/f8020035,FALSE,MDPI
slu,2017,1222.14,10.3390/su9111981,FALSE,MDPI
slu,2017,907.8,10.3390/rs9121253,FALSE,MDPI
slu,2017,1396.73,10.3390/ijerph14111310,FALSE,MDPI
slu,2017,384.1,10.3390/foods6110095,FALSE,MDPI
slu,2017,385.16,10.3390/foods6100084,FALSE,MDPI
slu,2017,1050.44,10.3390/f8100360,FALSE,MDPI
slu,2017,1137.34,10.3390/v9080214,FALSE,MDPI
slu,2017,1110.16,10.3390/f8060189,FALSE,MDPI
slu,2017,1423.31,10.3390/molecules22071072,FALSE,MDPI
slu,2017,1101.92,10.3390/f8060196,FALSE,MDPI
slu,2017,1101.92,10.3390/f8050164,FALSE,MDPI
slu,2017,750,10.1080/17429145.2017.1316524,TRUE,Taylor & Francis
slu,2017,233.95,10.1080/23311932.2017.1313360,FALSE,Taylor & Francis
slu,2017,2150,10.1080/02571862.2017.1281447,TRUE,Taylor & Francis
slu,2017,2150,10.1080/09064710.2017.1324044,TRUE,Taylor & Francis
slu,2017,466.17,10.5897/JECE2017.0419 ,FALSE,AcademicJournals
slu,2017,1637.63,10.3168/jds.2016-11894,TRUE,American Dairy Science Association
slu,2017,1471.96,10.3168/jds.2017-12675,TRUE,American Dairy Science Association
slu,2017,1557.51,10.3168/jds.2016-12312,TRUE,American Dairy Science Association
slu,2017,3070.51,10.1105/tpc.16.00743,TRUE,American Society of Plant Biologists
slu,2017,890,10.2135/cropsci2017.05.0270,TRUE,Crop Science Society of America
slu,2017,2450,10.1093/bfgp/elx008,TRUE,Oxford
slu,2017,1875,10.1093/molbev/msx144,TRUE,Oxford
slu,2017,1450,10.1093/forestry/cpx012,TRUE,Oxford
slu,2017,1400,10.1093/aob/mcx029,TRUE,Oxford
slu,2017,2556,10.1093/nar/gkx103,FALSE,Oxford
slu,2017,870,10.1093/jisesa/iex067,FALSE,Oxford
slu,2017,3360,10.1093/erae/jbx016,TRUE,Oxford
slu,2017,1625,10.3382/japr/pfx016,TRUE,Oxford
slu,2017,1250,10.3920/JIFF2017.0019,TRUE,Wageningen
slu,2017,1800,10.3920/CEP170017,TRUE,Wageningen
slu,2017,1367.38,10.1186/s12917-017-1005-8,FALSE,BMC
slu,2017,2500,10.1002/etc.3717,TRUE,Wiley
slu,2017,889,10.1111/jvim.14703,FALSE,Wiley
slu,2017,1496.05,10.1186/s13028-017-0289-9,FALSE,BMC
slu,2017,514.45,10.3390/foods6040027,FALSE,MDPI
slu,2017,892.5,10.1186/s13104-017-2450-y,FALSE,BMC
slu,2017,1495.41,10.1186/s13028-017-0281-4,FALSE,BMC
slu,2017,1499.74,10.1186/s13028-016-0274-8,FALSE,BMC
slu,2017,1222,10.1111/jvim.14618,FALSE,Wiley
slu,2017,222,10.1111/jvim.14569,FALSE,Wiley
slu,2017,1353.18,10.3389/fvets.2017.00204,FALSE,Frontiers
slu,2017,1267.13,10.1371/journal.pone.0186594,FALSE,PLOS
slu,2017,1400,10.1080/20008686.2017.1368336,FALSE,Taylor & Francis
slu,2017,1325.93,10.1186/s13756-017-0233-9,FALSE,BMC
slu,2017,1461.63,10.1186/s13028-017-0321-0,FALSE,BMC
slu,2017,2500,10.1111/evj.12705,TRUE,Wiley
slu,2017,1760.06,10.1186/s13028-017-0295-y,FALSE,BMC
slu,2017,1596.97,10.1186/s12917-017-1059-7,FALSE,BMC
slu,2017,1357.93,10.1186/s13567-017-0437-2,FALSE,BMC
slu,2017,1357.34,10.1186/s41065-017-0033-5,FALSE,BMC
slu,2017,1760.06,10.1186/s13028-017-0351-7,FALSE,BMC
slu,2018,1538.25,10.1186/s12864-018-5256-y,FALSE,BMC
slu,2018,1691.25,10.1186/s13028-018-0419-z,FALSE,BMC
slu,2018,1440.48,10.1186/s12936-018-2245-1,FALSE,BMC
slu,2018,1538.25,10.1186/s40359-018-0228-1,FALSE,BMC
slu,2018,2475,10.1186/s13059-018-1444-y,FALSE,BMC
slu,2018,1875,10.1186/s12936-018-2499-7,FALSE,BMC
slu,2018,2240,10.1016/j.apgeochem.2018.12.027,TRUE,Elsevier
slu,2018,1980,10.1016/j.jviromet.2018.12.003,TRUE,Elsevier
slu,2018,2760,10.1016/j.vetpar.2018.11.004,TRUE,Elsevier
slu,2018,2930,10.1016/j.cca.2018.10.044,TRUE,Elsevier
slu,2018,2760,10.1016/j.vetpar.2018.11.003,TRUE,Elsevier
slu,2018,3204,10.1016/j.applanim.2018.10.013,TRUE,Elsevier
slu,2018,3004.65,10.1016/j.biocon.2018.09.011,TRUE,Elsevier
slu,2018,3579.07,10.1016/j.jclepro.2018.10.017,TRUE,Elsevier
slu,2018,2209.3,10.1016/j.jevs.2018.10.002,TRUE,Elsevier
slu,2018,2827.91,10.1016/j.geoderma.2018.09.048,TRUE,Elsevier
slu,2018,3004.65,10.1016/j.scitotenv.2018.09.314,TRUE,Elsevier
slu,2018,1624.28,10.1016/j.ijpddr.2018.09.003,TRUE,Elsevier
slu,2018,3004.65,10.1016/j.biocon.2018.09.023,TRUE,Elsevier
slu,2018,3004.65,10.1016/j.scitotenv.2018.09.127,TRUE,Elsevier
slu,2018,441.86,10.1016/j.dib.2018.08.060,FALSE,Elsevier
slu,2018,3004.65,10.1016/j.biocon.2018.07.025,TRUE,Elsevier
slu,2018,2651,10.1016/j.cvsm.2018.03.001,TRUE,Elsevier
slu,2018,3313.95,10.1016/j.gloenvcha.2018.07.012,TRUE,Elsevier
slu,2018,3004.65,10.1016/j.scitotenv.2018.07.328,TRUE,Elsevier
slu,2018,"2297 ,67",10.1016/j.apgeochem.2018.07.012,TRUE,Elsevier
slu,2018,3004.65,10.1016/j.scitotenv.2018.07.207,TRUE,Elsevier
slu,2018,1293.2,10.1016/j.gecco.2018.e00414,FALSE,Elsevier
slu,2018,3313.95,10.1016/j.watres.2018.07.030,TRUE,Elsevier
slu,2018,2209.3,10.1016/j.still.2018.06.007,TRUE,Elsevier
slu,2018,3137.21,10.1016/j.apenergy.2018.06.045,TRUE,Elsevier
slu,2018,2297.67,10.1016/j.cropro.2018.05.025,TRUE,Elsevier
slu,2018,1293.2,10.1016/j.gecco.2018.e00401,TRUE,Elsevier
slu,2018,3004.65,10.1016/j.chemosphere.2018.05.012,TRUE,Elsevier
slu,2018,2165.12,10.1016/j.vaccine.2018.04.054,TRUE,Elsevier
slu,2018,2297.67,10.1016/j.apgeochem.2018.01.014,TRUE,Elsevier
slu,2018,2209.3,10.1016/j.forpol.2018.03.005,TRUE,Elsevier
slu,2018,2916.28,10.1016/j.ecoser.2018.03.001,TRUE,Elsevier
slu,2018,2930,10.1016/j.scitotenv.2018.11.277,TRUE,Elsevier
slu,2018,2527.82,10.3389/fmicb.2018.01758,FALSE,Frontiers
slu,2018,2336.96,10.3389/fpls.2018.01887,FALSE,Frontiers
slu,2018,2303.86,10.3389/fpls.2018.01553,FALSE,Frontiers
slu,2018,2286.01,10.3389/fmicb.2018.01965,FALSE,Frontiers
slu,2018,890.23,10.3389/fpls.2018.01537,FALSE,Frontiers
slu,2018,1855.09,10.3389/fpls.2018.01818?,FALSE,Frontiers
slu,2018,1774.15,10.3389/fpsyg.2018.00822,FALSE,Frontiers
slu,2018,1771.09,10.3389/fpls.2018.00685,FALSE,Frontiers
slu,2018,1545.62,10.3389/fgene.2018.00141,FALSE,Frontiers
slu,2018,1439.97,10.3389/fnbeh.2018.00189,FALSE,Frontiers
slu,2018,1355.03,10.3389/fevo.2018.00218,FALSE,Frontiers
slu,2018,1344.3,10.3389/fenrg.2018.00132,FALSE,Frontiers
slu,2018,1326.34,10.3389/fvets.2018.00234,FALSE,Frontiers
slu,2018,912.16,10.3389/fpls.2018.01873,FALSE,Frontiers
slu,2018,886.43,10.3389/frobt.2018.00107,FALSE,Frontiers
slu,2018,800.31,10.3389/fevo.2018.00061,FALSE,Frontiers
slu,2018,751.11,10.3389/fmars.2018.00482,FALSE,Frontiers
slu,2018,732.34,10.3389/fsufs.2018.00027,FALSE,Frontiers
slu,2018,675.56,10.3389/fcomm.2018.00056,FALSE,Frontiers
slu,2018,363.75,10.3389/fbioe.2018.00052,FALSE,Frontiers
slu,2018,1501.58,10.3390/rs10050667,FALSE,MDPI
slu,2018,1443.11,10.3390/rs10111794,FALSE,MDPI
slu,2018,1434.66,10.3390/ijms20010058,FALSE,MDPI
slu,2018,1366.27,10.3390/v10070382,FALSE,MDPI
slu,2018,1325.66,10.3390/w10121835,FALSE,MDPI
slu,2018,1315.19,10.3390/w10111682,FALSE,MDPI
slu,2018,1239.88,10.3390/f9120770,FALSE,MDPI
slu,2018,1220.7,10.3390/app8071162,FALSE,MDPI
slu,2018,1219.71,10.3390/f9110668,FALSE,MDPI
slu,2018,1214.61,10.3390/f9060332,FALSE,MDPI
slu,2018,1203.3,10.3390/app8101987,FALSE,MDPI
slu,2018,1191.48,10.3390/f9060288,FALSE,MDPI
slu,2018,1105.62,10.3390/f9090542,FALSE,MDPI
slu,2018,878.36,10.3390/su10051610,FALSE,MDPI
slu,2018,875.47,10.3390/ani8100181,FALSE,MDPI
slu,2018,775.85,10.3390/molecules23061417,FALSE,MDPI
slu,2018,706.63,10.3390/insects10010006,FALSE,MDPI
slu,2018,624.75,10.3390/insects9030119,FALSE,MDPI
slu,2018,555.05,10.3390/ani8070125,FALSE,MDPI
slu,2018,476.34,10.3390/microorganisms6030080,FALSE,MDPI
slu,2018,543.09,10.3390/ani8050072,FALSE,MDPI
slu,2018,427.12,10.3390/f9050251,FALSE,MDPI
slu,2018,3850,10.1038/s41467-018-06696-y,FALSE,Nature
slu,2018,3850,10.1038/s41467-018-07914-3,FALSE,Nature
slu,2018,3850,10.1038/s41467-018-05991-y,FALSE,Nature
slu,2018,2700,10.1038/s41396-018-0229-3,FALSE,Nature
slu,2018,1370,10.1038/s41598-018-37517-3,FALSE,Nature
slu,2018,1370,10.1038/s41598-018-35533-x,FALSE,Nature
slu,2018,1370,10.1038/s41598-018-36550-6,FALSE,Nature
slu,2018,1370,10.1038/s41598-018-30880-1,FALSE,Nature
slu,2018,1370,10.1038/s41598-018-28441-7,FALSE,Nature
slu,2018,1370,10.1038/s41598-018-26191-0,FALSE,Nature
slu,2018,1370,10.1038/s41598-018-25339-2,FALSE,Nature
slu,2018,1096,10.1038/s41598-018-37718-w,FALSE,Nature
slu,2018,1392.34,10.1371/journal.pone.0210270,FALSE,PLoS
slu,2018,1406.83,10.1371/journal.pone.0206938,FALSE,PLoS
slu,2018,1399.54,10.1371/journal.pone.0207253,FALSE,PLoS
slu,2018,1293.24,10.1371/journal.pone.0208694,FALSE,PLoS
slu,2018,1364.94,10.1371/journal.pone.0204461,FALSE,PLoS
slu,2018,1280.76,10.1371/journal.pone.0204407,FALSE,PLoS
slu,2018,1283.54,10.1371/journal.pone.0203385,FALSE,PLoS
slu,2018,1366.05,10.1371/journal.pone.0203430,FALSE,PLoS
slu,2018,1280.41,10.1371/journal.pone.0202584,FALSE,PLoS
slu,2018,1278.59,10.1371/journal.pone.0200534,FALSE,PLoS
slu,2018,1268.83,10.1371/journal.pone.0199447,FALSE,PLoS
slu,2018,1268.71,10.1371/journal.pone.0197364,FALSE,PLoS
slu,2018,1237.96,10.1371/journal.pone.0196840,FALSE,PLoS
slu,2018,1213.49,10.1371/journal.pone.0195646,FALSE,PLoS
slu,2018,1216.66,10.1371/journal.pone.0194905,FALSE,PLoS
slu,2018,1216.66,10.1371/journal.pone.0195341,FALSE,PLoS
slu,2018,2200,10.1007/s11262-018-1553-4,TRUE,Springer
slu,2018,3700,10.1111/gcb.14551,TRUE,Wiley
slu,2018,3500,10.1002/hyp.13297,TRUE,Wiley
slu,2018,3500,10.1002/hyp.13184,TRUE,Wiley
slu,2018,3500,10.1111/ddi.12771,TRUE,Wiley
slu,2018,3125,10.1111/2041-210X.13021,TRUE,Wiley
slu,2018,2917,10.1111/sum.12418,TRUE,Wiley
slu,2018,2916.25,10.1002/wat2.1317,TRUE,Wiley
slu,2018,2833,10.1111/fme.12302,TRUE,Wiley
slu,2018,2583,10.1111/gwao.12195,TRUE,Wiley
slu,2018,2500,10.1002/eap.1807,TRUE,Wiley
slu,2018,2500,10.1111/bcpt.13121,TRUE,Wiley
slu,2018,2500,10.1111/1365-2664.13247,TRUE,Wiley
slu,2018,2500,10.1111/evo.13571,TRUE,Wiley
slu,2018,2500,10.1111/ppl.12766,TRUE,Wiley
slu,2018,2343.75,10.1111/1365-2435.13239,TRUE,Wiley
slu,2018,1875,10.1111/ppl.12726,TRUE,Wiley
slu,2018,1859,10.1111/gcbb.12521,FALSE,Wiley
slu,2018,1530,10.1002/ece3.4878,FALSE,Wiley
slu,2018,1530,10.1002/ece3.4773,FALSE,Wiley
slu,2018,1530,10.1002/ece3.4616,FALSE,Wiley
slu,2018,1428,10.1029/2018WR023609,TRUE,Wiley
slu,2018,1428,10.1029/2017WR021793,TRUE,Wiley
slu,2018,1224,10.1002/ece3.4766,FALSE,Wiley
slu,2018,1224,10.1002/ece3.4476,FALSE,Wiley
slu,2018,1224,10.1002/ece3.4330,FALSE,Wiley
slu,2018,1224,10.1002/ece3.4249,FALSE,Wiley
slu,2018,1205,10.14814/phy2.13700,FALSE,Wiley
slu,2018,1203,10.1002/ecs2.2486,FALSE,Wiley
slu,2018,1203,10.1002/ecs2.2230,FALSE,Wiley
slu,2018,1203,10.1002/ecs2.2210,FALSE,Wiley
slu,2018,1636.25,10.1186/s13028-018-0435-z,FALSE,BMC
slu,2018,1648.75,10.1186/s13750-018-0145-z,FALSE,BMC
slu,2018,1270.75,10.1186/s12711-018-0439-1,FALSE,BMC
slu,2018,1593.75,10.1186/s13750-018-0141-3,FALSE,BMC
slu,2018,1636.25,10.1186/s13028-018-0431-3,FALSE,BMC
slu,2018,1593.75,10.1186/s13750-018-0138-y,FALSE,BMC
slu,2018,1483.25,10.1186/s12862-018-1291-1,FALSE,BMC
slu,2018,1538.5,10.1186/s12940-018-0421-y,FALSE,BMC
slu,2018,1636.25,10.1186/s13028-018-0420-6,FALSE,BMC
slu,2018,1483.25,10.1186/s12866-018-1310-9,FALSE,BMC
slu,2018,1279.25,10.1186/s13567-018-0602-2,FALSE,BMC
slu,2018,552.5,10.1186/s40100-018-0115-3,FALSE,BMC
slu,2018,1636.25,10.1186/s13028-018-0409-1,FALSE,BMC
slu,2018,1636.25,10.1186/s13028-018-0401-9,FALSE,BMC
slu,2018,1636.25,10.1186/s13028-018-0395-3,FALSE,BMC
slu,2018,1636.25,10.1186/s13028-018-0396-2,FALSE,BMC
slu,2018,1483.25,10.1186/s12863-018-0624-9,FALSE,BMC
slu,2018,1691.25,10.1186/s13028-018-0381-9,FALSE,BMC
slu,2018,1483.25,10.1186/s41065-018-0059-3,FALSE,BMC
slu,2018,1483.25,10.1186/s13756-018-0328-y,FALSE,BMC
slu,2018,1636.25,10.1186/s13028-018-0361-0,FALSE,BMC
slu,2018,2040,10.1080/20008686.2018.1553465,FALSE,Taylor & Francis
slu,2018,1860,10.1080/20008686.2018.1547097,FALSE,Taylor & Francis
slu,2018,2596.4,10.1080/13504509.2018.1560371,TRUE,Taylor & Francis
slu,2018,834.6,10.4315/0362-028X.JFP-18-292,TRUE,International Association for Food Protection
slu,2018,1219.7,10.3390/f9110670,FALSE,MDPI
slu,2018,2500,10.1111/evj.12844,TRUE,Wiley
slu,2018,3004.65,10.1016/j.envsci.2018.03.007,TRUE,Elsevier
slu,2018,3358.14,10.1016/j.agsy.2018.03.001,TRUE,Elsevier
slu,2018,344.65,10.1016/j.landusepol.2018.02.034,TRUE,Elsevier
slu,2018,2870.59,10.1016/j.scitotenv.2017.12.075,TRUE,Elsevier
slu,2018,2209.3,10.1016/j.forpol.2018.02.001,TRUE,Elsevier
slu,2018,3004.65,10.1016/j.scitotenv.2018.01.277,TRUE,Elsevier
slu,2018,1500,10.1016/j.gecco.2018.e00374,FALSE,Elsevier
slu,2018,2474.42,10.1016/j.foodchem.2018.01.028,TRUE,Elsevier
slu,2018,2780.88,10.1016/j.envsoft.2017.12.006,TRUE,Elsevier
slu,2018,3050,10.1016/j.chemosphere.2018.01.004,TRUE,Elsevier
slu,2018,1560,10.1186/s13028-018-0359-7,FALSE,BMC
slu,2018,1510,10.1186/s13028-018-0364-x,FALSE,BMC
slu,2018,1510,10.1186/s13028-018-0363-y,FALSE,BMC
slu,2018,1510,10.1186/s13028-017-0355-3,FALSE,BMC
slu,2018,1340,10.1371/journal.pone.0195593,FALSE,PLoS
slu,2018,1340,10.1371/journal.pone.0193507,FALSE,PLoS
slu,2018,1344,10.1371/journal.pone.0194747,FALSE,PLoS
slu,2018,1344,10.1371/journal.pone.0192945,FALSE,PLoS
slu,2018,2500,10.1111/ppl.12731,TRUE,Wiley
slu,2018,2500,10.1111/ppl.12740,TRUE,Wiley
slu,2018,2500,10.1111/vcp.12612,TRUE,Wiley
slu,2018,2500,10.1111/1365-2656.12823,TRUE,Wiley
slu,2018,1530,10.1002/ece3.3920,FALSE,Wiley
slu,2018,1203,10.1002/ecs2.2119,FALSE,Wiley
slu,2018,1831,10.1111/eva.12609,FALSE,Wiley
slu,2018,1224,10.1002/ece3.3905,FALSE,Wiley
slu,2018,2917,10.1111/efp.12413,TRUE,Wiley
slu,2018,1531,10.3389/fvets.2018.00072,FALSE,Frontiers
slu,2018,876,10.3389/fphys.2018.00323,FALSE,Frontiers
slu,2018,2377,10.3389/fpls.2018.00342,FALSE,Frontiers
slu,2018,2229,10.3389/fpls.2018.00150,FALSE,Frontiers
slu,2018,1446,10.3389/fvets.2017.00248,FALSE,Frontiers
slu,2018,469.69,10.3390/foods7040054,FALSE,MDPI
slu,2018,860,10.3390/f9030105,FALSE,MDPI
slu,2018,1229,10.3390/ijms19020538,FALSE,MDPI
slu,2018,1188.43,10.3390/su10020258,FALSE,MDPI
slu,2018,1187.89,10.3390/su10020326,FALSE,MDPI
slu,2018,1230.31,10.3390/rs10020183,FALSE,MDPI
slu,2018,1370,10.1038/s41598-018-23034-w,FALSE,Nature
slu,2018,2700,10.1038/s41396-018-0063-7,TRUE,Nature
slu,2018,1800,10.3920/CEP180002,TRUE,Wageningen
